knockout_gene_id,prediction
YAL002W,
YAL004W,
YAL005C,
YAL007C,
YAL008W,
YAL009W,
YAL010C,
YAL011W,
YAL012W,0.0837477060414912
YAL013W,
YAL014C,
YAL015C,
YAL016W,
YAL017W,
YAL018C,
YAL019W,
YAL020C,
YAL021C,
YAL022C,0.0837477060414912
YAL023C,0.0837477578726482
YAL026C,0.083747706041492
YAL027W,
YAL028W,
YAL029C,
YAL030W,
YAL031C,
YAL034C,
YAL035W,0.0837477578726482
YAL036C,
YAL037W,
YAL039C,0.0837477578726482
YAL040C,
YAL042C-A,
YAL042W,
YAL044C,0.0819034594809904
YAL045C,
YAL046C,
YAL047C,
YAL048C,
YAL049C,
YAL051W,
YAL053W,
YAL054C,0.0837477060414919
YAL055W,
YAL056C-A,
YAL056W,
YAL058W,
YAL059W,
YAL060W,0.0837477578726489
YAL061W,0.0837477060414917
YAL062W,0.0837477578726482
YAL064C-A,
YAL065C,
YAL066W,
YAL067C,
YAL068C,
YAR002C-A,
YAR002W,
YAR003W,
YAR014C,
YAR015W,-6.410203607164402e-16
YAR018C,
YAR020C,
YAR023C,
YAR027W,
YAR028W,
YAR029W,
YAR030C,
YAR031W,
YAR035W,0.0837477578726482
YAR042W,
YAR047C,
YAR050W,
YBL001C,
YBL002W,
YBL003C,
YBL005W,
YBL006C,
YBL007C,
YBL008W,
YBL009W,
YBL010C,
YBL011W,0.0837477578726482
YBL012C,
YBL013W,0.0837477866004301
YBL015W,0.0837477060414918
YBL016W,
YBL017C,
YBL019W,
YBL021C,
YBL022C,
YBL024W,
YBL025W,
YBL027W,
YBL028C,
YBL029W,
YBL031W,
YBL032W,
YBL033C,8.06419808917437e-30
YBL036C,
YBL037W,
YBL038W,
YBL039C,0.0837477578726482
YBL042C,0.0837477060414919
YBL043W,
YBL044W,
YBL045C,0.0120944824853683
YBL046W,
YBL047C,
YBL048W,
YBL049W,
YBL051C,
YBL052C,
YBL053W,
YBL054W,
YBL055C,
YBL056W,
YBL057C,
YBL058W,
YBL059W,
YBL060W,
YBL061C,
YBL062W,
YBL063W,
YBL064C,0.0837477578726482
YBL065W,
YBL066C,
YBL067C,
YBL068W,0.0837477578726482
YBL069W,
YBL070C,
YBL071C,
YBL072C,
YBL075C,
YBL078C,
YBL079W,
YBL080C,0.0837477578726482
YBL081W,
YBL082C,
YBL083C,
YBL085W,
YBL086C,
YBL087C,
YBL088C,
YBL089W,
YBL090W,
YBL091C,0.0837477578726482
YBL091C-A,
YBL093C,
YBL094C,
YBL095W,
YBL096C,
YBL098W,0.0
YBL099W,0.0302493386563805
YBL100C,
YBL101C,
YBL102W,
YBL103C,
YBL104C,
YBL106C,
YBL107C,
YBR001C,0.0837477578726482
YBR003W,0.083747706041491
YBR005W,
YBR006W,0.0
YBR007C,
YBR008C,
YBR009C,
YBR010W,
YBR012C,
YBR013C,
YBR014C,
YBR015C,
YBR016W,
YBR018C,0.083747706041491
YBR019C,0.0837477720552948
YBR020W,0.0837477060414932
YBR021W,0.0837477578726481
YBR022W,0.0837477578726482
YBR023C,0.0837477578726482
YBR024W,
YBR025C,
YBR026C,0.0837477060414917
YBR027C,
YBR028C,
YBR030W,
YBR031W,
YBR032W,
YBR033W,
YBR034C,0.083747757872648
YBR035C,0.0837477578726486
YBR036C,0.083747734769238
YBR037C,
YBR040W,
YBR041W,0.0837477578726479
YBR042C,0.0837477578726483
YBR043C,
YBR044C,
YBR045C,
YBR046C,0.0837477578726479
YBR047W,
YBR048W,
YBR050C,
YBR051W,
YBR052C,
YBR053C,
YBR054W,
YBR056W,
YBR056W-A,
YBR057C,
YBR058C,
YBR061C,
YBR062C,
YBR063C,
YBR064W,
YBR065C,
YBR066C,
YBR067C,
YBR068C,0.0837477578726482
YBR069C,0.0837477578726482
YBR071W,
YBR072W,
YBR073W,
YBR074W,
YBR076W,
YBR077C,
YBR078W,
YBR082C,
YBR083W,
YBR084C-A,
YBR084W,0.0837477866004303
YBR085W,0.0837477578726482
YBR089C-A,
YBR090C,
YBR092C,0.0837477578726478
YBR093C,0.0837477578726482
YBR094W,
YBR095C,
YBR097W,0.0837477060414916
YBR098W,
YBR099C,
YBR103W,
YBR104W,
YBR105C,
YBR106W,
YBR112C,
YBR114W,
YBR115C,2.7214099771143237e-18
YBR120C,
YBR121C,0.0837477578726482
YBR122C,
YBR125C,
YBR126C,-5.1589373963847145e-18
YBR127C,0.0837477578726482
YBR128C,0.0837477578726482
YBR129C,
YBR130C,
YBR131W,
YBR132C,0.0837477578726479
YBR134W,
YBR137W,
YBR138C,
YBR141C,
YBR144C,
YBR146W,
YBR147W,0.083747706041492
YBR148W,
YBR149W,0.0837477866004301
YBR150C,
YBR151W,
YBR157C,
YBR158W,
YBR161W,0.0837477578726482
YBR162W-A,
YBR163W,
YBR164C,
YBR168W,
YBR169C,
YBR171W,
YBR172C,
YBR173C,
YBR174C,
YBR175W,
YBR176W,-8.133616125568566e-29
YBR177C,0.0837477578726482
YBR178W,
YBR179C,
YBR180W,0.0837477578726482
YBR181C,
YBR182C,
YBR183W,0.0837477578726482
YBR184W,
YBR185C,
YBR186W,
YBR187W,
YBR188C,
YBR189W,
YBR191W,
YBR194W,
YBR195C,
YBR197C,
YBR199W,0.0837477578726482
YBR200W,
YBR201W,
YBR203W,
YBR204C,0.0837477578726482
YBR205W,0.0837477578726482
YBR206W,
YBR207W,
YBR208C,0.0837477060414921
YBR209W,
YBR210W,
YBR212W,
YBR213W,0.0837477578726482
YBR214W,
YBR215W,
YBR216C,
YBR217W,
YBR218C,0.0837477578726482
YBR219C,
YBR220C,
YBR221C,0.0825878182568692
YBR222C,0.0837477578726476
YBR223C,
YBR224W,
YBR225W,
YBR226C,
YBR227C,
YBR228W,
YBR229C,0.0837477060414913
YBR230C,
YBR231C,
YBR232C,
YBR233W,
YBR235W,0.0837477578726492
YBR238C,
YBR239C,
YBR240C,
YBR241C,0.0837477578726482
YBR242W,
YBR244W,0.0837477578726482
YBR245C,
YBR246W,
YBR248C,3.807642849238574e-18
YBR249C,0.0837477578726482
YBR250W,
YBR251W,
YBR255W,
YBR258C,
YBR259W,
YBR260C,
YBR261C,
YBR262C,
YBR263W,0.0819053046867338
YBR264C,
YBR266C,
YBR267W,
YBR268W,
YBR269C,
YBR270C,
YBR271W,
YBR272C,
YBR273C,
YBR274W,
YBR275C,
YBR276C,
YBR277C,
YBR278W,
YBR280C,
YBR281C,0.0837477060414902
YBR282W,
YBR283C,
YBR284W,
YBR285W,
YBR286W,
YBR287W,
YBR288C,
YBR289W,
YBR290W,
YBR291C,0.0836695701833109
YBR292C,
YBR293W,0.0837477578726482
YBR294W,0.0837477578726482
YBR295W,0.0837477578726482
YBR296C,0.0837477578726482
YBR297W,
YBR298C,0.0837477578726482
YBR299W,0.0837477578726482
YBR300C,
YBR301W,
YCL001W,
YCL001W-A,
YCL002C,
YCL005W,
YCL007C,
YCL008C,
YCL009C,0.0837477578726482
YCL010C,
YCL011C,
YCL014W,
YCL016C,
YCL022C,
YCL023C,
YCL024W,
YCL025C,0.0837477578726482
YCL026C-A,
YCL027W,
YCL028W,
YCL029C,
YCL030C,1.592908142110845e-47
YCL032W,
YCL033C,
YCL034W,
YCL035C,0.0837477578726482
YCL036W,
YCL037C,
YCL038C,0.0837477578726489
YCL039W,
YCL040W,0.0837477578726482
YCL042W,
YCL044C,
YCL045C,
YCL046W,
YCL047C,0.0837477578726482
YCL048W,
YCL049C,
YCL050C,0.0837323470184229
YCL051W,
YCL055W,
YCL056C,
YCL057W,
YCL058C,
YCL061C,
YCL063W,
YCL064C,0.0837477060414914
YCL069W,0.0837477578726482
YCL076W,
YCR001W,
YCR002C,
YCR003W,
YCR004C,
YCR005C,0.0837477060414913
YCR006C,
YCR007C,
YCR008W,
YCR009C,
YCR010C,0.0837477060414913
YCR011C,0.0837477578726482
YCR014C,
YCR015C,
YCR016W,
YCR017C,
YCR019W,
YCR020C,
YCR020C-A,
YCR020W-B,
YCR021C,
YCR022C,
YCR023C,
YCR024C,0.0837477578726482
YCR024C-A,0.0837477578726482
YCR025C,
YCR026C,
YCR027C,
YCR028C,0.0837477578726487
YCR028C-A,
YCR030C,
YCR031C,
YCR032W,
YCR033W,
YCR034W,0.0837477060414918
YCR036W,0.0837477578726482
YCR043C,
YCR044C,
YCR045C,
YCR046C,
YCR047C,
YCR048W,0.0837477347692395
YCR049C,
YCR050C,
YCR051W,
YCR053W,0.0
YCR059C,
YCR060W,
YCR061W,
YCR063W,
YCR065W,
YCR067C,
YCR068W,0.0837477578726482
YCR069W,
YCR071C,
YCR073C,
YCR073W-A,
YCR075C,0.0837477578726482
YCR076C,
YCR077C,
YCR079W,
YCR081W,
YCR082W,
YCR083W,0.0837477060414915
YCR085W,
YCR086W,
YCR087C-A,
YCR087W,
YCR090C,
YCR091W,
YCR092C,
YCR094W,
YCR095C,
YCR098C,0.0837477578726481
YCR099C,
YCR100C,
YCR101C,
YCR102C,
YCR102W-A,
YCR104W,
YCR105W,0.0837477578726482
YCR106W,
YDL001W,
YDL002C,
YDL006W,
YDL009C,
YDL010W,
YDL011C,
YDL012C,
YDL013W,
YDL018C,
YDL019C,
YDL020C,
YDL021W,
YDL022W,0.0837477578726482
YDL023C,
YDL024C,0.0837477025507115
YDL025C,
YDL026W,
YDL027C,
YDL032W,
YDL033C,
YDL034W,
YDL035C,
YDL036C,
YDL037C,
YDL039C,
YDL040C,0.0837477578726482
YDL041W,
YDL042C,0.0837477578726482
YDL044C,
YDL045W-A,
YDL046W,
YDL047W,
YDL048C,
YDL049C,
YDL050C,
YDL051W,
YDL052C,0.0837477578726482
YDL053C,
YDL054C,
YDL056W,
YDL057W,
YDL059C,
YDL061C,
YDL062W,
YDL065C,
YDL066W,0.0836791911235872
YDL068W,
YDL069C,
YDL070W,
YDL071C,
YDL072C,
YDL073W,
YDL076C,
YDL077C,
YDL078C,0.0837477202241198
YDL079C,
YDL080C,0.0837477578726482
YDL081C,
YDL082W,
YDL083C,
YDL085W,0.0837477578726482
YDL086W,
YDL088C,
YDL089W,
YDL090C,0.0837477578726482
YDL091C,
YDL093W,0.0837477578726482
YDL094C,
YDL095W,0.0837477578726482
YDL096C,
YDL099W,
YDL100C,0.0837476986643066
YDL104C,
YDL106C,
YDL107W,
YDL109C,
YDL110C,
YDL112W,
YDL113C,
YDL114W,
YDL115C,
YDL116W,
YDL117W,
YDL118W,
YDL119C,
YDL121C,
YDL122W,
YDL123W,
YDL124W,
YDL125C,
YDL127W,
YDL128W,
YDL129W,
YDL130W,
YDL130W-A,
YDL131W,0.0837477578726482
YDL133C-A,
YDL133W,
YDL134C,
YDL135C,
YDL136W,
YDL137W,
YDL138W,
YDL142C,0.0837477578726472
YDL144C,
YDL146W,
YDL149W,
YDL151C,
YDL154W,
YDL155W,
YDL156W,
YDL157C,
YDL159W,
YDL160C,
YDL161W,
YDL162C,
YDL167C,
YDL168W,0.0837477578726481
YDL169C,
YDL170W,
YDL171C,0.083747757872648
YDL172C,
YDL173W,
YDL174C,0.0837477578726482
YDL175C,
YDL176W,
YDL177C,
YDL178W,0.0837477347692393
YDL179W,
YDL180W,
YDL181W,
YDL182W,0.0837477578726482
YDL183C,
YDL184C,
YDL185W,0.0837477578726482
YDL186W,
YDL187C,
YDL188C,
YDL189W,
YDL190C,
YDL191W,
YDL192W,
YDL194W,
YDL197C,
YDL198C,0.0837477578726482
YDL199C,
YDL200C,
YDL201W,
YDL202W,
YDL203C,
YDL204W,
YDL206W,
YDL210W,0.0837477060414911
YDL211C,
YDL213C,
YDL214C,
YDL215C,0.0837477578726482
YDL216C,
YDL218W,
YDL219W,0.0837477202241215
YDL222C,
YDL223C,
YDL224C,
YDL225W,
YDL226C,
YDL227C,
YDL229W,
YDL230W,
YDL231C,
YDL232W,
YDL233W,
YDL234C,
YDL236W,0.0837477578726482
YDL237W,
YDL238C,0.0837477060414892
YDL239C,
YDL240W,
YDL241W,
YDL242W,
YDL243C,0.0837477578726482
YDR001C,0.0837477578726482
YDR003W,
YDR004W,
YDR005C,
YDR006C,
YDR007W,2.7406858379832965e-18
YDR008C,
YDR009W,0.0837477578726478
YDR010C,
YDR011W,
YDR014W,
YDR015C,
YDR017C,0.0837477060414924
YDR018C,
YDR019C,0.0819034594809904
YDR020C,0.0837477578726482
YDR022C,
YDR024W,
YDR025W,
YDR026C,
YDR027C,
YDR028C,
YDR029W,
YDR030C,
YDR031W,
YDR032C,
YDR033W,
YDR034C,
YDR035W,0.0837477578726482
YDR036C,0.0837477578726462
YDR042C,
YDR043C,
YDR046C,0.0837477578726482
YDR048C,
YDR049W,
YDR050C,0.0812975170681124
YDR051C,0.0837477578726482
YDR055W,
YDR056C,
YDR057W,
YDR058C,0.0837477866004297
YDR059C,
YDR061W,
YDR063W,
YDR065W,
YDR066C,
YDR067C,
YDR068W,
YDR069C,
YDR070C,
YDR071C,0.0837477866004309
YDR072C,0.0837477060414918
YDR073W,
YDR074W,-5.1589373963847145e-18
YDR075W,
YDR076W,
YDR077W,
YDR078C,
YDR079W,
YDR080W,
YDR083W,
YDR084C,
YDR085C,
YDR089W,
YDR090C,
YDR092W,
YDR093W,0.083747706041492
YDR094W,
YDR095C,
YDR096W,
YDR097C,
YDR098C,0.0837477578726482
YDR099W,
YDR100W,
YDR101C,
YDR102C,
YDR103W,
YDR104C,
YDR105C,0.0837477578726482
YDR107C,
YDR108W,
YDR109C,
YDR110W,
YDR111C,0.0837477060414917
YDR112W,
YDR114C,
YDR115W,
YDR116C,
YDR117C,
YDR119W,
YDR120C,
YDR121W,
YDR122W,
YDR123C,
YDR124W,
YDR125C,
YDR126W,
YDR127W,-4.2015642423250345e-18
YDR128W,
YDR129C,
YDR130C,
YDR131C,
YDR132C,
YDR133C,
YDR135C,0.0837477578726482
YDR136C,
YDR137W,
YDR138W,
YDR139C,
YDR140W,
YDR142C,
YDR143C,
YDR144C,
YDR146C,
YDR147W,0.0837477578726482
YDR148C,0.083747705110617
YDR149C,
YDR150W,
YDR151C,
YDR152W,
YDR153C,
YDR154C,
YDR155C,
YDR156W,
YDR157W,
YDR158W,-3.920698446003108e-18
YDR159W,
YDR161W,
YDR162C,
YDR163W,
YDR165W,
YDR169C,
YDR171W,
YDR173C,0.0837477866004299
YDR174W,
YDR175C,
YDR176W,
YDR178W,0.0837477578726482
YDR179C,
YDR179W-A,
YDR181C,
YDR183W,
YDR184C,
YDR185C,
YDR186C,
YDR191W,0.0837477578726482
YDR192C,
YDR193W,
YDR194C,
YDR195W,
YDR197W,
YDR198C,
YDR199W,
YDR200C,
YDR202C,
YDR203W,
YDR204W,0.0837477060414923
YDR205W,
YDR206W,
YDR207C,
YDR209C,
YDR210W,
YDR213W,
YDR214W,
YDR215C,
YDR216W,
YDR217C,
YDR218C,
YDR219C,
YDR220C,
YDR221W,
YDR222W,
YDR223W,
YDR225W,
YDR226W,0.0837477578726482
YDR227W,
YDR229W,
YDR230W,
YDR231C,0.0837477578726482
YDR233C,
YDR234W,-2.900372792576715e-33
YDR237W,
YDR239C,
YDR241W,
YDR242W,0.0837477347692378
YDR244W,
YDR245W,
YDR247W,
YDR248C,0.0837477060414905
YDR249C,
YDR250C,
YDR251W,
YDR252W,
YDR253C,
YDR254W,
YDR255C,
YDR256C,0.083747734769239
YDR257C,
YDR258C,
YDR259C,
YDR260C,
YDR261C,0.0837477578726482
YDR262W,
YDR263C,
YDR264C,
YDR265W,
YDR266C,
YDR268W,0.0837477578726482
YDR270W,0.0837477578726482
YDR272W,0.0837477578726482
YDR273W,
YDR274C,
YDR275W,
YDR276C,
YDR277C,
YDR278C,
YDR279W,
YDR281C,
YDR282C,
YDR283C,
YDR284C,0.0837477060414911
YDR285W,
YDR286C,
YDR287W,0.0837477578726482
YDR289C,
YDR291W,
YDR293C,
YDR294C,0.0837477060414917
YDR295C,
YDR296W,
YDR297W,0.0837477060414916
YDR298C,0.0302493386563805
YDR300C,0.083747706041492
YDR304C,
YDR305C,0.0837477578726471
YDR306C,
YDR307W,
YDR309C,
YDR310C,
YDR312W,
YDR313C,
YDR314C,
YDR315C,0.0837477578726482
YDR316W,
YDR317W,
YDR318W,
YDR319C,
YDR320C,
YDR321W,0.0837477060414914
YDR322W,
YDR323C,
YDR326C,
YDR329C,
YDR330W,
YDR332W,
YDR333C,
YDR334W,
YDR335W,
YDR336W,
YDR337W,
YDR338C,
YDR340W,
YDR344C,
YDR345C,0.0837477578726482
YDR346C,
YDR347W,
YDR348C,
YDR349C,
YDR350C,
YDR351W,
YDR352W,0.0837477578726482
YDR354W,2.324632110606953e-30
YDR357C,
YDR358W,
YDR359C,
YDR360W,
YDR363W,
YDR363W-A,
YDR364C,
YDR368W,0.0837477578726482
YDR369C,
YDR370C,
YDR371W,0.0837477578726482
YDR372C,
YDR374C,
YDR375C,
YDR377W,0.0302493386563805
YDR378C,
YDR379W,
YDR380W,0.0837477578726482
YDR382W,
YDR383C,
YDR384C,0.0837477578726482
YDR385W,
YDR386W,
YDR387C,0.0837477578726482
YDR388W,
YDR389W,
YDR391C,
YDR392W,
YDR393W,
YDR395W,
YDR399W,0.0837477578726472
YDR400W,0.0837477060414926
YDR401W,
YDR402C,0.0837477578726482
YDR403W,0.0837477578726482
YDR405W,
YDR406W,
YDR408C,4.807652705371932e-16
YDR409W,
YDR410C,0.0837477060414921
YDR411C,
YDR414C,
YDR415C,
YDR417C,
YDR418W,
YDR419W,
YDR420W,
YDR421W,
YDR422C,
YDR423C,
YDR424C,
YDR425W,
YDR426C,
YDR428C,0.0
YDR430C,
YDR431W,
YDR432W,
YDR433W,
YDR435C,
YDR436W,
YDR438W,
YDR439W,
YDR440W,0.0837477578726482
YDR441C,0.0837477578726482
YDR442W,
YDR443C,
YDR444W,
YDR445C,
YDR446W,
YDR447C,
YDR448W,
YDR450W,
YDR451C,
YDR452W,0.0837477060414913
YDR453C,0.0837477060414921
YDR455C,
YDR456W,0.0837477578726482
YDR457W,
YDR458C,
YDR459C,
YDR461W,
YDR462W,
YDR463W,
YDR465C,
YDR466W,
YDR467C,
YDR469W,
YDR470C,
YDR471W,
YDR475C,
YDR476C,
YDR479C,
YDR480W,
YDR481C,0.0837477866004287
YDR482C,
YDR484W,
YDR485C,
YDR486C,
YDR488C,
YDR490C,
YDR491C,
YDR492W,
YDR493W,
YDR494W,
YDR495C,
YDR496C,
YDR497C,0.0837477578726482
YDR500C,
YDR501W,
YDR502C,0.0837477578726482
YDR503C,0.0837477060414929
YDR504C,
YDR505C,
YDR506C,
YDR507C,
YDR508C,0.0819053323942276
YDR509W,
YDR511W,
YDR512C,
YDR513W,0.0837477578726482
YDR514C,
YDR515W,
YDR516C,0.0837477578726482
YDR517W,
YDR518W,
YDR519W,
YDR520C,
YDR522C,
YDR524C,
YDR525W,
YDR525W-A,
YDR528W,
YDR529C,0.0120944824853683
YDR530C,0.0837477578726482
YDR532C,
YDR533C,0.0837477578726482
YDR534C,
YDR535C,
YDR536W,0.0837477578726482
YDR537C,
YDR538W,0.0837477060414915
YDR539W,0.0837477060414915
YDR540C,
YDR541C,
YEL001C,
YEL003W,
YEL004W,0.0837477578726482
YEL005C,
YEL006W,0.0837477578726482
YEL007W,
YEL008W,
YEL009C,
YEL010W,
YEL011W,
YEL012W,
YEL013W,
YEL014C,
YEL015W,
YEL016C,
YEL017C-A,0.0837477578726482
YEL017W,
YEL018C-A,
YEL020C,
YEL023C,
YEL024W,0.0120944824853683
YEL025C,
YEL027W,0.0837477578726482
YEL028W,
YEL029C,0.0837477578726482
YEL030W,
YEL031W,0.0837477060414914
YEL033W,
YEL036C,
YEL037C,
YEL038W,0.0
YEL039C,0.0837477578726482
YEL040W,
YEL041W,0.0837477578726482
YEL042W,0.0837477866004298
YEL043W,
YEL044W,
YEL045C,
YEL046C,0.083747706041491
YEL047C,0.0837477578726478
YEL048C,
YEL049W,
YEL050C,
YEL051W,0.0837477578726482
YEL052W,
YEL053C,
YEL054C,
YEL056W,
YEL057C,
YEL059W,
YEL060C,
YEL061C,
YEL062W,
YEL063C,0.0837477578726482
YEL064C,
YEL065W,
YEL066W,0.0837477060414915
YEL067C,
YEL068C,
YEL071W,0.0837477578726482
YEL072W,
YER001W,
YER002W,
YER004W,
YER005W,0.0837477060414914
YER007C-A,
YER007W,
YER010C,0.0837477060414921
YER011W,
YER014C-A,
YER016W,
YER017C,
YER019C-A,
YER019W,0.0837477060414922
YER020W,
YER024W,0.0837477578726482
YER027C,
YER030W,
YER031C,
YER032W,
YER033C,
YER034W,
YER035W,
YER037W,0.083747706041492
YER038W-A,
YER039C,
YER039C-A,
YER040W,
YER041W,
YER042W,0.0837477060414909
YER044C-A,
YER045C,
YER046W,
YER046W-A,
YER047C,
YER048C,
YER049W,
YER050C,
YER051W,
YER052C,3.8688854072881595e-19
YER053C,0.0837477578726482
YER054C,
YER056C,0.0837477578726482
YER056C-A,
YER057C,
YER058W,
YER059W,
YER060W,0.0837477578726482
YER060W-A,0.0837477578726482
YER061C,0.0837477060414919
YER062C,0.0837477578726482
YER063W,
YER064C,
YER065C,0.0837477060414918
YER066C-A,
YER066W,
YER067C-A,
YER067W,
YER068C-A,
YER068W,
YER069W,2.6189524806732104e-18
YER070W,0.0837477578726482
YER071C,
YER072W,
YER073W,0.0837477578726482
YER074W,
YER075C,
YER077C,
YER078C,
YER079W,
YER080W,
YER081W,0.0837477578726482
YER083C,
YER084W,
YER085C,
YER086W,0.0837477060414917
YER087C-B,
YER088C,
YER089C,
YER090W,0.0
YER091C,-4.218449084670486e-33
YER091C-A,
YER092W,
YER093C-A,
YER095W,
YER096W,
YER097W,
YER098W,
YER101C,
YER103W,
YER106W,
YER110C,
YER111C,
YER113C,
YER114C,
YER115C,
YER116C,
YER117W,
YER118C,
YER119C,0.083747786600429
YER119C-A,
YER120W,
YER121W,
YER122C,
YER123W,
YER124C,
YER128W,
YER129W,
YER130C,
YER131W,
YER132C,
YER134C,
YER135C,
YER137C,
YER139C,
YER140W,
YER141W,0.0837477578726482
YER142C,
YER143W,
YER144C,
YER145C,
YER149C,
YER150W,
YER151C,
YER152C,0.0837477578726482
YER153C,
YER154W,
YER155C,
YER156C,
YER158C,
YER161C,
YER162C,
YER163C,0.0837477578726482
YER164W,
YER166W,
YER167W,
YER169W,
YER170W,0.0837477866004292
YER173W,
YER174C,0.0837477578726482
YER175C,0.0837477060414917
YER176W,
YER177W,
YER178W,0.0825878182568692
YER179W,
YER180C,
YER181C,
YER182W,
YER183C,0.0837477060414922
YER184C,
YER185W,
YER186C,
YER187W,
YER188W,
YFL001W,0.0837477578726482
YFL002C,
YFL004W,
YFL007W,
YFL008W,
YFL010C,
YFL011W,0.0837477578726482
YFL012W-A,
YFL014W,
YFL015C,
YFL018C,0.0806323954933402
YFL019C,
YFL020C,
YFL021W,
YFL023W,
YFL025C,
YFL026W,
YFL027C,
YFL028C,
YFL030W,0.0837477578726466
YFL031W,
YFL032W,
YFL033C,
YFL034C-A,
YFL034W,
YFL036W,
YFL040W,
YFL041W,
YFL042C,
YFL044C,
YFL046W,
YFL047W,
YFL048C,
YFL049W,
YFL050C,
YFL051C,
YFL052W,
YFL053W,0.0837477578726482
YFL054C,0.0837477578726482
YFL055W,0.0837477578726482
YFL063W,
YFR001W,
YFR006W,
YFR007W,
YFR008W,
YFR009W,
YFR010W,
YFR011C,
YFR012W,
YFR014C,
YFR015C,0.0837477578726482
YFR016C,
YFR017C,
YFR018C,
YFR019W,0.0837477060414914
YFR020W,
YFR021W,0.083747734769239
YFR022W,
YFR023W,
YFR024C-A,
YFR025C,0.0
YFR026C,
YFR030W,0.0
YFR031C-A,
YFR032C,
YFR032C-A,
YFR033C,0.0120944824853683
YFR034C,
YFR035C,
YFR036W,
YFR036W-A,
YFR038W,
YFR040W,
YFR041C,
YFR043C,
YFR044C,0.0837477060414926
YFR045W,
YFR046C,
YFR047C,0.0
YFR048W,
YFR049W,0.0837477578726482
YFR053C,0.0837477578726482
YFR054C,
YFR055W,0.0837477578726482
YFR056C,
YFR057W,
YGL002W,
YGL003C,
YGL004C,
YGL005C,
YGL006W,0.0837477578726482
YGL007W,
YGL009C,0.0
YGL010W,
YGL012W,-1.0853544472250712e-31
YGL013C,
YGL014W,
YGL015C,
YGL016W,
YGL017W,0.083747734769239
YGL019W,
YGL020C,
YGL021W,
YGL023C,
YGL024W,
YGL025C,
YGL026C,3.1406289960235528e-49
YGL027C,0.0837477578726482
YGL028C,
YGL029W,
YGL031C,
YGL032C,
YGL033W,
YGL034C,
YGL035C,
YGL036W,
YGL037C,0.0837477060414921
YGL038C,0.0837477578726482
YGL039W,
YGL041C,
YGL042C,
YGL043W,
YGL045W,
YGL049C,
YGL050W,
YGL051W,
YGL053W,
YGL054C,
YGL056C,
YGL057C,
YGL058W,
YGL059W,
YGL060W,
YGL062W,0.0837477578726482
YGL063W,0.0837477578726482
YGL064C,
YGL066W,
YGL067W,0.0837477060414915
YGL070C,
YGL071W,
YGL072C,
YGL076C,
YGL077C,0.0837477347692386
YGL078C,
YGL079W,
YGL080W,0.0837477060414916
YGL081W,
YGL082W,
YGL083W,
YGL084C,0.0837477578726482
YGL085W,
YGL086W,
YGL087C,
YGL088W,
YGL089C,
YGL090W,
YGL094C,
YGL095C,
YGL096W,
YGL101W,
YGL104C,0.0837477578726482
YGL105W,
YGL107C,
YGL108C,
YGL109W,
YGL110C,
YGL114W,
YGL115W,
YGL117W,
YGL118C,
YGL121C,
YGL124C,
YGL125W,0.0837477578726482
YGL126W,
YGL127C,
YGL129C,
YGL131C,
YGL132W,
YGL133W,
YGL135W,
YGL136C,
YGL138C,
YGL139W,
YGL140C,
YGL141W,
YGL143C,
YGL144C,
YGL146C,
YGL147C,
YGL148W,-7.14983225066991e-18
YGL149W,
YGL151W,
YGL152C,
YGL153W,
YGL154C,2.7214099771143237e-18
YGL156W,0.0837477060414891
YGL157W,
YGL158W,
YGL159W,
YGL160W,
YGL161C,
YGL162W,
YGL163C,
YGL164C,
YGL165C,
YGL166W,
YGL167C,0.0837477578726482
YGL168W,
YGL170C,
YGL173C,
YGL174W,
YGL175C,
YGL176C,
YGL177W,
YGL179C,
YGL180W,
YGL181W,
YGL194C,
YGL195W,
YGL196W,0.0837477060414915
YGL197W,
YGL198W,
YGL199C,
YGL200C,
YGL202W,0.0837477060414914
YGL203C,
YGL205W,0.0837477060414916
YGL206C,
YGL208W,
YGL209W,
YGL210W,
YGL211W,
YGL212W,
YGL213C,
YGL214W,
YGL215W,
YGL216W,
YGL217C,
YGL218W,
YGL219C,
YGL220W,
YGL221C,
YGL222C,
YGL223C,
YGL224C,0.0837477578726482
YGL226C-A,
YGL226W,
YGL227W,
YGL228W,
YGL229C,
YGL230C,
YGL231C,
YGL232W,
YGL234W,3.7185204435183986e-17
YGL235W,
YGL236C,
YGL237C,
YGL240W,
YGL241W,
YGL242C,
YGL243W,
YGL244W,
YGL246C,
YGL248W,0.0837477578726482
YGL249W,
YGL250W,
YGL251C,
YGL252C,
YGL253W,0.0837477578726482
YGL254W,
YGL255W,0.0837477578726482
YGL256W,0.0837477578726482
YGL257C,
YGL258W,
YGL259W,
YGL260W,
YGL261C,
YGL262W,
YGL263W,
YGR001C,
YGR003W,
YGR004W,
YGR006W,
YGR007W,0.0837477060414912
YGR008C,
YGR010W,0.0837477578726482
YGR011W,
YGR012W,0.0837477060414914
YGR014W,
YGR015C,0.0837477060414922
YGR016W,
YGR017W,
YGR018C,
YGR019W,0.0
YGR020C,0.0837477578726482
YGR021W,
YGR022C,
YGR023W,
YGR025W,
YGR026W,
YGR027C,
YGR028W,
YGR031W,
YGR032W,0.0837477578726482
YGR033C,
YGR034W,
YGR035C,
YGR036C,0.083747706041492
YGR037C,
YGR038W,0.0837477578726482
YGR039W,
YGR040W,
YGR041W,
YGR042W,
YGR043C,0.0837477578726482
YGR044C,
YGR045C,
YGR049W,
YGR050C,
YGR051C,
YGR052W,
YGR053C,
YGR055W,0.0837477578726482
YGR056W,
YGR057C,
YGR058W,
YGR059W,
YGR061C,3.959555634663064e-17
YGR062C,0.0837477578726482
YGR063C,
YGR064W,
YGR066C,
YGR067C,
YGR068C,
YGR069W,
YGR070W,
YGR071C,
YGR072W,
YGR076C,
YGR077C,
YGR078C,
YGR079W,
YGR080W,
YGR081C,
YGR084C,
YGR085C,
YGR086C,
YGR087C,0.0837477578726482
YGR088W,0.0837475911227899
YGR089W,
YGR092W,
YGR093W,
YGR096W,0.0837477578726482
YGR097W,
YGR100W,
YGR101W,
YGR102C,
YGR104C,
YGR105W,
YGR106C,0.0837477578726482
YGR107W,
YGR108W,
YGR109C,
YGR110W,0.0837477578726483
YGR111W,
YGR112W,
YGR117C,
YGR118W,
YGR121C,0.0837477578726482
YGR122C-A,
YGR122W,
YGR123C,
YGR124W,0.0837477578726482
YGR125W,
YGR126W,
YGR127W,
YGR129W,
YGR130C,
YGR131W,
YGR132C,
YGR133W,
YGR134W,
YGR135W,
YGR136W,
YGR137W,
YGR138C,0.0837477578726482
YGR139W,
YGR141W,
YGR142W,
YGR143W,0.0837477578726482
YGR144W,0.0837477060414923
YGR146C,
YGR148C,
YGR149W,
YGR150C,
YGR151C,
YGR152C,
YGR153W,
YGR154C,0.0837477578726482
YGR155W,0.0837431842925365
YGR157W,0.0837477578726482
YGR159C,
YGR160W,
YGR161C,
YGR162W,
YGR163W,
YGR164W,
YGR165W,
YGR166W,
YGR167W,
YGR168C,
YGR169C,
YGR170W,0.083747706041492
YGR171C,0.0837477578726482
YGR173W,
YGR174C,
YGR176W,
YGR177C,0.0837477578726482
YGR178C,
YGR180C,0.0837477578726482
YGR181W,
YGR182C,
YGR183C,0.0120944824853683
YGR184C,
YGR187C,
YGR188C,
YGR189C,
YGR192C,0.0837477578726482
YGR193C,0.0825878182568692
YGR194C,0.0837477578726476
YGR196C,
YGR197C,
YGR199W,
YGR200C,
YGR201C,
YGR202C,0.0837477347692376
YGR203W,
YGR204W,-8.457180379693346e-32
YGR205W,
YGR206W,
YGR207C,
YGR208W,0.0816715207598926
YGR209C,0.0837477578726488
YGR210C,
YGR212W,
YGR213C,
YGR214W,
YGR215W,
YGR217W,
YGR219W,
YGR220C,
YGR221C,
YGR222W,
YGR223C,
YGR224W,
YGR225W,
YGR226C,
YGR227W,0.083747706041492
YGR228W,
YGR229C,
YGR230W,
YGR231C,
YGR232W,
YGR233C,
YGR234W,0.0837477060414925
YGR235C,
YGR236C,
YGR237C,
YGR238C,
YGR239C,
YGR240C,0.0807074898353129
YGR241C,
YGR242W,
YGR243W,0.0837477578726482
YGR244C,0.0837477060414916
YGR247W,0.0837477060414914
YGR248W,0.0837477578726482
YGR249W,
YGR250C,
YGR252W,
YGR254W,0.0837477578726482
YGR255C,0.0837477060414923
YGR256W,0.0837477578726482
YGR257C,
YGR258C,
YGR259C,
YGR260W,0.0837477060414912
YGR261C,
YGR262C,
YGR263C,
YGR266W,
YGR268C,
YGR269W,
YGR270W,
YGR271C-A,
YGR271W,
YGR273C,
YGR275W,
YGR276C,
YGR279C,
YGR281W,
YGR282C,0.0837477578726482
YGR283C,
YGR284C,
YGR285C,
YGR286C,0.0837477060414919
YGR287C,0.0837477578726482
YGR288W,
YGR289C,0.0837477578726488
YGR290W,
YGR291C,
YGR292W,0.0837477578726482
YGR295C,
YHL002W,
YHL003C,0.0837477060414921
YHL005C,
YHL006C,
YHL007C,
YHL008C,
YHL009C,
YHL010C,
YHL011C,0.0837477578726482
YHL012W,0.0837477578726482
YHL013C,
YHL014C,
YHL016C,0.0837477060414904
YHL017W,
YHL019C,
YHL020C,
YHL021C,
YHL022C,
YHL023C,
YHL026C,
YHL027W,
YHL028W,
YHL029C,
YHL030W,
YHL031C,
YHL032C,0.0837477578726482
YHL033C,
YHL034C,
YHL035C,
YHL036W,0.0837477578726482
YHL037C,
YHL038C,
YHL039W,
YHL040C,
YHL041W,
YHL042W,
YHL043W,
YHL044W,
YHL045W,
YHL046C,
YHL047C,
YHR001W-A,0.0120944824853683
YHR003C,
YHR004C,
YHR005C,
YHR006W,
YHR008C,0.0837477578726475
YHR009C,
YHR010W,
YHR011W,0.0837477578726482
YHR012W,
YHR013C,0.0837477578726482
YHR014W,
YHR015W,
YHR018C,0.0
YHR019C,3.4565611670247397e-32
YHR021C,
YHR021W-A,
YHR022C,
YHR025W,-3.789855779803261e-18
YHR026W,0.0837477578726482
YHR028C,
YHR029C,
YHR030C,
YHR031C,
YHR033W,
YHR034C,
YHR035W,
YHR037W,0.0837477347692352
YHR038W,
YHR039C,
YHR039C-A,0.0837477578726482
YHR041C,
YHR042W,3.346304004881469e-31
YHR044C,0.0837477578726482
YHR046C,0.0837477578726482
YHR047C,
YHR048W,
YHR049C-A,
YHR049W,
YHR050W,
YHR051W,0.0837477578726482
YHR057C,
YHR059W,
YHR060W,
YHR061C,
YHR062C,
YHR066W,
YHR067W,0.0837477060414916
YHR073W,
YHR075C,
YHR076W,
YHR077C,
YHR078W,
YHR079C,
YHR079C-A,
YHR080C,
YHR081W,
YHR082C,
YHR086W,
YHR087W,
YHR091C,0.0837477578726482
YHR092C,0.0837477578726474
YHR093W,
YHR094C,0.0837477578726482
YHR095W,
YHR096C,0.0837477578726482
YHR097C,
YHR100C,0.0837477060414929
YHR103W,
YHR104W,0.0837477578726478
YHR105W,
YHR106W,0.0837477578726482
YHR108W,
YHR109W,0.0837477060414909
YHR110W,
YHR111W,
YHR112C,
YHR113W,
YHR114W,
YHR115C,
YHR116W,0.0837477578726482
YHR117W,
YHR120W,
YHR121W,
YHR123W,0.0837477060414921
YHR124W,
YHR125W,
YHR126C,
YHR127W,
YHR129C,
YHR130C,
YHR131C,
YHR132C,
YHR133C,
YHR134W,
YHR135C,
YHR136C,
YHR137W,0.0837477060414919
YHR138C,
YHR139C,
YHR139C-A,
YHR142W,
YHR143W,
YHR146W,
YHR147C,
YHR150W,
YHR151C,
YHR152W,
YHR153C,
YHR154W,
YHR155W,
YHR156C,
YHR157W,
YHR158C,
YHR159W,
YHR160C,
YHR161C,
YHR163W,0.0837477578726482
YHR165W-A,
YHR167W,
YHR171W,
YHR176W,
YHR178W,
YHR179W,
YHR180W,
YHR182W,
YHR183W,0.0837477578726482
YHR184W,
YHR185C,
YHR188C,
YHR189W,
YHR190W,0.0
YHR194W,
YHR195W,
YHR198C,
YHR199C,
YHR200W,
YHR202W,
YHR203C,
YHR204W,
YHR206W,
YHR207C,
YHR209W,
YHR210C,
YIL001W,
YIL002C,0.0837477578726482
YIL005W,
YIL006W,0.083747757872648
YIL007C,
YIL008W,
YIL009C-A,
YIL009W,0.0837477060414914
YIL010W,0.0837477578726472
YIL011W,
YIL012W,
YIL013C,0.0837477578726482
YIL014C-A,
YIL014W,
YIL015W,
YIL016W,
YIL017C,
YIL018W,
YIL020C,-7.55273478156426e-31
YIL024C,
YIL025C,
YIL027C,
YIL028W,
YIL029C,
YIL032C,
YIL034C,
YIL035C,
YIL036W,
YIL037C,
YIL038C,
YIL039W,
YIL040W,
YIL041W,
YIL042C,
YIL043C,0.0837477578726482
YIL044C,
YIL045W,
YIL047C,
YIL049W,
YIL050W,
YIL052C,
YIL053W,0.0837477578726482
YIL054W,
YIL055C,
YIL056W,
YIL057C,
YIL059C,
YIL060W,
YIL064W,
YIL065C,
YIL066C,0.0837477578726482
YIL067C,
YIL069C,
YIL070C,
YIL071C,
YIL072W,
YIL073C,
YIL074C,0.0837477578726482
YIL076W,
YIL077C,
YIL079C,
YIL084C,
YIL085C,
YIL086C,
YIL087C,
YIL088C,
YIL089W,
YIL090W,
YIL092W,
YIL093C,
YIL094C,-1.7229125591788413e-18
YIL095W,
YIL096C,
YIL097W,
YIL098C,
YIL099W,0.0837477578726484
YIL100W,
YIL101C,
YIL102C,
YIL103W,
YIL105C,
YIL107C,0.0837477578726482
YIL108W,
YIL110W,
YIL111W,0.0837477578726482
YIL112W,
YIL113W,
YIL114C,
YIL116W,-5.6145671832739945e-49
YIL117C,
YIL119C,
YIL120W,
YIL121W,
YIL122W,
YIL123W,
YIL124W,0.0837477060414908
YIL125W,0.083747705110617
YIL128W,
YIL130W,
YIL131C,
YIL132C,
YIL133C,
YIL135C,
YIL136W,
YIL137C,
YIL138C,
YIL139C,
YIL140W,
YIL141W,
YIL145C,1.1948165621472523e-30
YIL146C,
YIL148W,
YIL149C,
YIL152W,
YIL153W,
YIL154C,
YIL155C,0.0837477060414913
YIL156W,
YIL157C,
YIL158W,
YIL159W,
YIL160C,0.0837477060414919
YIL161W,
YIL162W,0.0837477578726484
YIL163C,
YIL164C,
YIL165C,
YIL166C,
YIL173W,
YIR001C,
YIR002C,
YIR003W,
YIR004W,
YIR005W,
YIR007W,
YIR009W,
YIR013C,
YIR014W,
YIR016W,
YIR017C,
YIR018W,
YIR019C,
YIR020C,
YIR020W-A,
YIR021W,
YIR024C,
YIR025W,
YIR026C,
YIR027C,0.0837477866004311
YIR028W,0.0837477578726477
YIR029W,0.0837477060414925
YIR030C,
YIR031C,0.0837477578726482
YIR033W,
YIR034C,-2.972329530447469e-32
YIR035C,
YIR036C,0.0837477578726481
YIR037W,0.0837477578726482
YIR038C,0.0837477060414914
YIR039C,
YIR042C,
YJL003W,0.0837477578726482
YJL004C,
YJL007C,
YJL012C,
YJL013C,
YJL016W,
YJL020C,
YJL022W,
YJL023C,
YJL024C,
YJL027C,
YJL028W,
YJL029C,
YJL030W,
YJL036W,
YJL037W,
YJL038C,
YJL042W,
YJL043W,
YJL044C,
YJL045W,0.0837477578726482
YJL046W,0.0837477578726478
YJL047C,
YJL048C,
YJL049W,
YJL051W,
YJL052W,0.0837477578726482
YJL053W,
YJL055W,
YJL056C,
YJL057C,
YJL058C,
YJL059W,
YJL060W,0.0837477578726476
YJL062W,
YJL063C,
YJL064W,
YJL065C,
YJL066C,
YJL067W,
YJL068C,0.0837477866004306
YJL070C,
YJL071W,0.0837477578726482
YJL073W,
YJL075C,
YJL077C,
YJL078C,
YJL079C,
YJL080C,
YJL082W,
YJL083W,
YJL084C,
YJL088W,-1.5001262346405158e-18
YJL089W,
YJL092W,
YJL093C,
YJL094C,
YJL095W,
YJL096W,
YJL098W,
YJL099W,
YJL100W,0.0837477578726482
YJL101C,0.0837477578726482
YJL102W,
YJL103C,
YJL105W,
YJL106W,
YJL107C,
YJL108C,
YJL110C,
YJL112W,
YJL115W,
YJL116C,
YJL117W,
YJL118W,
YJL119C,
YJL120W,
YJL121C,0.0837357956008135
YJL122W,
YJL123C,
YJL124C,
YJL126W,0.0837477060414923
YJL127C,
YJL128C,
YJL129C,0.0837477578726482
YJL130C,2.527754658786689e-31
YJL131C,
YJL132W,
YJL133W,0.0837477578726482
YJL134W,0.0837477578726482
YJL135W,
YJL136C,
YJL137C,0.0837477578726482
YJL138C,
YJL139C,0.0837477578726482
YJL140W,
YJL141C,
YJL142C,
YJL144W,
YJL145W,
YJL146W,
YJL147C,
YJL148W,
YJL149W,
YJL150W,
YJL151C,
YJL152W,
YJL153C,0.0
YJL154C,
YJL155C,0.0837477578726482
YJL157C,
YJL158C,
YJL159W,
YJL160C,
YJL161W,
YJL162C,
YJL163C,
YJL164C,
YJL165C,
YJL166W,0.0120944824853683
YJL168C,0.0837477578726482
YJL169W,
YJL170C,
YJL171C,
YJL172W,
YJL175W,
YJL176C,
YJL177W,
YJL178C,
YJL179W,
YJL180C,0.0837477578726482
YJL181W,
YJL182C,
YJL183W,
YJL184W,
YJL185C,
YJL186W,
YJL187C,
YJL188C,
YJL189W,
YJL190C,
YJL191W,
YJL192C,
YJL193W,
YJL196C,0.0837477578726481
YJL197W,
YJL198W,0.0837477578726482
YJL199C,
YJL200C,0.0837477060414922
YJL201W,
YJL204C,
YJL205C,
YJL206C,
YJL207C,
YJL208C,
YJL209W,
YJL210W,
YJL211C,
YJL212C,0.0837477866004298
YJL213W,
YJL214W,0.0837477578726482
YJL215C,
YJL216C,0.0837477578726482
YJL217W,
YJL218W,
YJR001W,0.0837477578726482
YJR003C,
YJR004C,
YJR005W,
YJR008W,
YJR009C,0.0837477578726482
YJR010C-A,
YJR010W,0.0837477578726482
YJR011C,
YJR014W,
YJR015W,
YJR019C,0.0837477866004303
YJR020W,
YJR021C,
YJR024C,8.018386159553544e-32
YJR025C,0.0
YJR030C,
YJR031C,
YJR032W,
YJR033C,
YJR034W,
YJR035W,
YJR036C,
YJR037W,
YJR038C,
YJR039W,
YJR040W,0.0837477578726482
YJR043C,
YJR044C,
YJR047C,
YJR048W,0.0837477578726482
YJR049C,0.0837477578726482
YJR050W,
YJR051W,0.0837477578726482
YJR052W,
YJR053W,
YJR054W,
YJR055W,
YJR056C,
YJR058C,
YJR059W,
YJR060W,
YJR061W,
YJR062C,
YJR063W,
YJR066W,
YJR069C,0.0837477060414909
YJR070C,
YJR073C,0.0
YJR074W,
YJR075W,
YJR077C,0.0837477578726482
YJR078W,0.0
YJR079W,
YJR080C,
YJR082C,
YJR083C,
YJR084W,
YJR087W,
YJR088C,
YJR090C,
YJR091C,
YJR092W,
YJR094C,
YJR094W-A,
YJR095W,0.0837277398951787
YJR096W,
YJR097W,
YJR098C,
YJR099W,
YJR100C,
YJR102C,
YJR103W,0.0837477578726482
YJR104C,0.0837477060414919
YJR105W,0.0836759855621935
YJR106W,
YJR107W,
YJR108W,
YJR109C,2.527754658786689e-31
YJR110W,0.0837477578726482
YJR111C,
YJR113C,
YJR115W,
YJR116W,
YJR117W,
YJR118C,
YJR119C,
YJR120W,
YJR121W,0.0302493386563805
YJR122W,
YJR124C,
YJR125C,
YJR126C,
YJR127C,
YJR128W,
YJR129C,
YJR130C,0.0837477060414906
YJR131W,0.0837477578726482
YJR133W,0.0837477578726482
YJR134C,
YJR135C,
YJR137C,0.0
YJR139C,4.808899790029964e-18
YJR140C,
YJR142W,
YJR144W,
YJR145C,
YJR146W,
YJR147W,
YJR148W,3.6431651164912495e-18
YJR149W,0.0837477060414917
YJR150C,
YJR152W,0.0837477060414926
YJR153W,0.0837477578726482
YJR154W,
YKL001C,4.149956065609966e-15
YKL002W,
YKL003C,
YKL005C,
YKL006W,
YKL007W,
YKL008C,0.0837477060414921
YKL009W,
YKL010C,
YKL011C,
YKL015W,
YKL016C,0.0302493386563805
YKL017C,
YKL020C,
YKL023W,
YKL025C,
YKL026C,0.0837477578726482
YKL027W,
YKL029C,0.0835317194058897
YKL030W,
YKL031W,
YKL032C,
YKL034W,
YKL036C,
YKL037W,
YKL038W,
YKL039W,
YKL040C,
YKL041W,
YKL043W,
YKL044W,
YKL046C,
YKL047W,
YKL048C,
YKL050C,
YKL051W,
YKL053C-A,
YKL053W,
YKL054C,
YKL055C,0.0837477060414917
YKL056C,
YKL057C,
YKL061W,
YKL062W,
YKL063C,
YKL064W,
YKL065C,
YKL066W,
YKL067W,-5.573634971114913e-32
YKL068W,
YKL069W,0.0837477578726475
YKL070W,
YKL071W,
YKL072W,
YKL073W,
YKL074C,
YKL075C,
YKL076C,
YKL077W,
YKL079W,
YKL080W,0.0837477578726482
YKL081W,
YKL084W,
YKL085W,0.0834705444642528
YKL086W,
YKL087C,0.0837477578726482
YKL090W,
YKL091C,
YKL092C,
YKL093W,
YKL094W,0.0837477060414902
YKL096W,
YKL096W-A,
YKL097C,
YKL098W,
YKL100C,
YKL101W,
YKL102C,
YKL103C,0.0837477060414923
YKL105C,
YKL106W,0.0837477866004288
YKL107W,
YKL109W,
YKL110C,
YKL113C,
YKL114C,
YKL115C,
YKL116C,
YKL117W,
YKL118W,
YKL119C,
YKL120W,0.083621176247429
YKL121W,
YKL123W,
YKL124W,
YKL126W,
YKL127W,0.0837477578726482
YKL128C,
YKL129C,
YKL130C,
YKL131W,
YKL132C,0.0837477578726482
YKL133C,
YKL134C,
YKL135C,
YKL136W,
YKL137W,
YKL138C,
YKL139W,
YKL140W,0.0837477578726482
YKL142W,
YKL143W,
YKL146W,0.0837477578726482
YKL147C,
YKL148C,0.0837477578726482
YKL149C,
YKL150W,0.0837477578726482
YKL151C,
YKL155C,
YKL156W,
YKL157W,
YKL159C,
YKL160W,
YKL161C,
YKL162C,
YKL162C-A,
YKL163W,
YKL164C,
YKL166C,
YKL167C,
YKL168C,
YKL169C,
YKL170W,
YKL171W,
YKL174C,0.0837477578726482
YKL175W,
YKL176C,
YKL177W,
YKL178C,
YKL179C,
YKL183W,
YKL184W,0.0837477347692387
YKL185W,
YKL187C,
YKL188C,0.0837477060414904
YKL190W,
YKL191W,
YKL194C,0.0837477578726482
YKL197C,
YKL198C,
YKL201C,
YKL202W,
YKL204W,
YKL205W,
YKL206C,
YKL207W,
YKL208W,
YKL211C,-2.1011855880606863e-31
YKL212W,0.0837477060414915
YKL213C,
YKL214C,
YKL215C,0.0837477060414916
YKL216W,-1.266674920538597e-32
YKL217W,0.0837477060414908
YKL218C,0.0837477060414915
YKL220C,0.0837477578726482
YKL221W,
YKL222C,
YKR001C,
YKR003W,
YKR005C,
YKR006C,
YKR007W,
YKR009C,0.0837477060414913
YKR010C,
YKR011C,
YKR012C,
YKR013W,
YKR014C,
YKR015C,
YKR016W,
YKR017C,
YKR018C,
YKR019C,
YKR020W,
YKR021W,
YKR023W,
YKR024C,
YKR026C,
YKR027W,
YKR028W,
YKR029C,
YKR030W,
YKR031C,0.0837477060414904
YKR032W,
YKR033C,
YKR034W,
YKR035C,
YKR035W-A,
YKR036C,
YKR039W,2.24467274153657e-32
YKR040C,
YKR041W,
YKR042W,
YKR043C,0.0837477578726482
YKR044W,
YKR045C,
YKR046C,
YKR047W,
YKR048C,
YKR049C,
YKR050W,
YKR051W,
YKR052C,0.0837477578726482
YKR053C,0.0837477578726482
YKR054C,
YKR055W,
YKR056W,
YKR057W,
YKR058W,0.0837477578726482
YKR059W,
YKR060W,
YKR061W,0.0837477578726482
YKR064W,
YKR065C,
YKR066C,0.0837477578726482
YKR067W,0.0
YKR069W,0.0837477060414916
YKR070W,
YKR072C,0.0
YKR073C,
YKR074W,
YKR075C,
YKR076W,0.0837477060414912
YKR077W,
YKR078W,
YKR080W,0.0837477060414923
YKR082W,
YKR084C,
YKR085C,
YKR087C,
YKR088C,
YKR089C,0.0837477202241219
YKR090W,
YKR091W,
YKR092C,
YKR093W,0.0837477578726482
YKR094C,
YKR095W,
YKR096W,
YKR097W,0.0837477578726482
YKR098C,
YKR099W,
YKR100C,
YKR101W,
YKR102W,
YKR103W,
YKR104W,
YKR105C,
YKR106W,
YLL001W,0.0837477578726482
YLL002W,
YLL005C,
YLL006W,
YLL007C,
YLL009C,
YLL010C,
YLL012W,0.0837477060414921
YLL013C,
YLL014W,
YLL015W,0.0837477578726482
YLL018C,3.8799771254186085e-32
YLL019C,
YLL020C,
YLL021W,
YLL023C,
YLL024C,
YLL025W,
YLL026W,
YLL027W,
YLL028W,0.0837477578726482
YLL029W,
YLL030C,
YLL032C,
YLL033W,
YLL038C,
YLL039C,
YLL040C,
YLL041C,0.0832886175532024
YLL042C,
YLL043W,0.0837477578726482
YLL044W,
YLL045C,
YLL046C,
YLL047W,
YLL048C,0.0837477578726482
YLL049W,
YLL051C,0.0837477578726482
YLL052C,0.0837477578726482
YLL053C,0.0837477578726482
YLL054C,
YLL055W,
YLL056C,
YLL057C,0.0837477060414913
YLL058W,0.0837477578726482
YLL059C,
YLL060C,0.0837477060414911
YLL061W,0.0837477578726482
YLL062C,0.0837477578726482
YLL063C,
YLR001C,
YLR003C,
YLR004C,
YLR006C,
YLR011W,0.0837477060414913
YLR012C,
YLR013W,
YLR014C,
YLR015W,
YLR016C,
YLR017W,2.932875390324956e-29
YLR018C,
YLR019W,
YLR020C,0.0837477578726482
YLR021W,
YLR023C,
YLR024C,
YLR025W,
YLR027C,0.0837477060414915
YLR028C,0.0837477578726482
YLR030W,
YLR031W,
YLR032W,
YLR034C,
YLR035C,
YLR036C,
YLR037C,
YLR038C,0.0837477578726482
YLR039C,
YLR040C,
YLR041W,
YLR042C,
YLR043C,0.0837477578726482
YLR044C,0.0837477578726482
YLR046C,
YLR047C,0.0837477578726482
YLR048W,
YLR049C,
YLR050C,
YLR052W,
YLR053C,
YLR054C,
YLR055C,
YLR056W,0.0837477060414919
YLR057W,0.0837477578726482
YLR058C,0.0817731961266075
YLR059C,
YLR061W,
YLR062C,
YLR063W,
YLR064W,
YLR065C,
YLR067C,
YLR068W,
YLR069C,
YLR070C,0.0837477578726476
YLR072W,
YLR073C,
YLR074C,
YLR077W,
YLR079W,
YLR080W,
YLR081W,0.0837477578726482
YLR082C,
YLR083C,
YLR084C,
YLR085C,
YLR087C,
YLR089C,0.0837477866004301
YLR090W,
YLR091W,
YLR092W,0.0837477578726482
YLR093C,
YLR094C,
YLR095C,
YLR096W,
YLR097C,
YLR098C,
YLR099C,0.0837477578726482
YLR102C,
YLR104W,
YLR107W,
YLR108C,
YLR109W,0.0837477578726479
YLR110C,
YLR111W,
YLR112W,
YLR113W,
YLR114C,
YLR118C,
YLR119W,
YLR120C,
YLR121C,
YLR122C,
YLR123C,
YLR124W,
YLR125W,
YLR126C,
YLR128W,
YLR130C,0.0837477578726482
YLR131C,
YLR133W,0.0837477060414905
YLR134W,0.0837477578726482
YLR135W,
YLR136C,
YLR137W,
YLR138W,0.0837477578726482
YLR139C,
YLR142W,0.0837477060414907
YLR143W,0.0837477578726482
YLR144C,
YLR146C,1.466437695206068e-29
YLR148W,
YLR149C,
YLR150W,
YLR151C,0.0837477060414928
YLR152C,
YLR154C,
YLR164W,0.0837477578726482
YLR165C,
YLR168C,
YLR169W,
YLR170C,
YLR171W,
YLR172C,0.0837477060414928
YLR173W,
YLR174W,0.0837286592697044
YLR176C,
YLR177W,
YLR178C,
YLR179C,
YLR180W,0.0837477578726482
YLR181C,
YLR182W,
YLR183C,
YLR184W,
YLR185W,
YLR187W,
YLR188W,
YLR189C,0.0837477060414929
YLR190W,
YLR191W,
YLR192C,
YLR193C,
YLR194C,
YLR199C,
YLR200W,
YLR201C,0.0837477060414923
YLR202C,
YLR203C,
YLR204W,
YLR205C,
YLR206W,
YLR207W,
YLR209C,0.0837477060414914
YLR210W,
YLR211C,0.0837477578726482
YLR213C,
YLR214W,0.0837477578726482
YLR216C,
YLR217W,
YLR218C,
YLR219W,
YLR220W,
YLR221C,
YLR224W,
YLR225C,
YLR226W,
YLR227C,
YLR228C,
YLR231C,2.9997941244337835e-17
YLR232W,
YLR233C,
YLR234W,
YLR235C,
YLR236C,
YLR237W,0.0837477578726482
YLR239C,0.0837477578726482
YLR240W,0.0837477060414916
YLR241W,
YLR242C,
YLR244C,0.0837477578726482
YLR246W,
YLR247C,
YLR248W,
YLR250W,
YLR251W,
YLR252W,
YLR253W,
YLR254C,
YLR255C,
YLR257W,
YLR258W,0.0837477578726482
YLR260W,0.0837477578726482
YLR261C,
YLR262C,
YLR262C-A,
YLR263W,
YLR264W,
YLR265C,
YLR266C,
YLR267W,
YLR268W,
YLR269C,
YLR270W,
YLR271W,
YLR273C,
YLR278C,
YLR279W,
YLR280C,
YLR281C,
YLR282C,
YLR283W,
YLR284C,0.0837477060414911
YLR285W,0.0837477060414904
YLR286C,0.0837477578726482
YLR287C,
YLR287C-A,
YLR288C,
YLR289W,
YLR290C,
YLR292C,
YLR294C,
YLR295C,0.0302493386563805
YLR296W,
YLR297W,
YLR299W,0.083747757872648
YLR300W,0.0837477578726482
YLR303W,0.0837477060414919
YLR304C,0.0837477060414915
YLR306W,
YLR307W,0.0837477578726482
YLR308W,0.0837477578726482
YLR309C,
YLR311C,
YLR312C,
YLR312W-A,
YLR313C,
YLR315W,
YLR318W,
YLR319C,
YLR320W,
YLR322W,
YLR324W,
YLR325C,
YLR326W,
YLR327C,
YLR328W,0.0837477578726482
YLR329W,
YLR330W,
YLR331C,
YLR332W,
YLR333C,
YLR334C,
YLR335W,
YLR337C,
YLR338W,
YLR341W,
YLR342W,0.0837477578726482
YLR343W,
YLR344W,
YLR345W,0.0837477060414915
YLR346C,
YLR348C,0.0837477578726482
YLR349W,
YLR350W,0.0837477578726482
YLR351C,0.0837477578726481
YLR352W,
YLR353W,
YLR354C,0.0837477578726482
YLR356W,
YLR357W,
YLR358C,
YLR360W,0.0837477578726482
YLR361C,
YLR362W,
YLR363C,
YLR364W,
YLR365W,
YLR366W,
YLR367W,
YLR368W,
YLR369W,
YLR370C,
YLR371W,
YLR372W,0.0837477060414922
YLR373C,
YLR374C,
YLR375W,
YLR376C,
YLR377C,0.0837477578726482
YLR380W,
YLR381W,
YLR382C,0.083747706041492
YLR384C,
YLR385C,
YLR386W,0.083747734769239
YLR387C,
YLR388W,
YLR389C,
YLR390W,
YLR390W-A,
YLR392C,
YLR393W,0.0837477578726482
YLR394W,
YLR395C,0.0837477578726482
YLR396C,
YLR398C,
YLR399C,
YLR400W,
YLR401C,
YLR402W,
YLR403W,
YLR404W,
YLR405W,
YLR406C,
YLR407W,
YLR408C,
YLR410W,0.0837477578726484
YLR412W,
YLR413W,
YLR414C,
YLR415C,
YLR416C,
YLR417W,
YLR418C,
YLR420W,0.0
YLR421C,
YLR422W,
YLR423C,
YLR425W,
YLR426W,
YLR427W,
YLR428C,
YLR429W,
YLR431C,
YLR432W,0.0837477578726482
YLR433C,
YLR434C,
YLR435W,
YLR436C,
YLR437C,
YLR438W,0.083738982041135
YLR439W,
YLR441C,
YLR442C,
YLR443W,
YLR444C,
YLR445W,
YLR446W,0.0837477060414912
YLR447C,0.0837477578726482
YLR448W,
YLR449W,
YLR450W,0.0837477578726482
YLR451W,
YLR452C,
YLR453C,
YLR454W,
YLR456W,
YLR460C,
YLR461W,
YML001W,
YML002W,
YML003W,
YML004C,0.0837477060414916
YML005W,
YML006C,
YML007W,
YML008C,0.0837477060414918
YML009C,
YML009C-A,
YML009W-B,
YML011C,
YML012C-A,
YML012W,
YML013W,
YML014W,
YML016C,
YML017W,
YML018C,
YML019W,
YML020W,
YML021C,
YML022W,0.0837477578726482
YML024W,
YML026C,
YML027W,
YML028W,
YML029W,
YML030W,
YML032C,
YML034C-A,
YML034W,
YML035C,0.0837477578726482
YML036W,
YML037C,
YML038C,
YML041C,
YML042W,0.0837477060414915
YML047C,
YML047W-A,
YML048W,
YML050W,
YML051W,
YML052W,
YML053C,
YML054C,0.08374770604149
YML055W,
YML056C,0.0837477578726482
YML057C-A,
YML057W,
YML058W,
YML059C,0.0837477060414908
YML060W,
YML061C,
YML062C,
YML063W,
YML066C,
YML067C,
YML068W,
YML070W,0.0837477578726482
YML071C,
YML072C,
YML073C,
YML074C,
YML075C,0.0837477578726482
YML076C,
YML078W,
YML079W,
YML080W,
YML081C-A,0.0302493386563805
YML081W,
YML082W,0.0837477578726482
YML083C,
YML084W,
YML086C,0.0837477578726482
YML087C,
YML088W,
YML089C,
YML090W,
YML094C-A,
YML094W,
YML095C,
YML096W,
YML097C,
YML099C,
YML099W-A,
YML100W,0.0837477578726482
YML101C,
YML101C-A,
YML102W,
YML103C,
YML104C,
YML106W,0.0837477578726482
YML107C,
YML108W,
YML109W,
YML110C,0.0837477060414923
YML111W,
YML112W,
YML113W,
YML115C,
YML116W,
YML116W-A,
YML117W,
YML118W,
YML119W,
YML120C,0.0837477060414914
YML121W,
YML122C,
YML123C,0.0837477578726482
YML124C,
YML128C,
YML129C,
YML131W,
YMR002W,
YMR003W,
YMR004W,
YMR006C,0.0837477578726482
YMR007W,
YMR008C,0.0837477060414918
YMR009W,0.0
YMR010W,
YMR011W,0.0837477578726482
YMR012W,
YMR014W,
YMR015C,0.0837477060414914
YMR016C,
YMR017W,
YMR018W,
YMR019W,
YMR020W,0.0
YMR021C,
YMR022W,
YMR023C,
YMR024W,
YMR025W,
YMR026C,
YMR027W,
YMR029C,
YMR030W,
YMR031C,
YMR031W-A,
YMR032W,
YMR034C,
YMR035W,
YMR036C,
YMR037C,
YMR039C,
YMR040W,
YMR041C,0.0837477578726482
YMR042W,
YMR044W,
YMR048W,
YMR052C-A,
YMR052W,
YMR053C,
YMR054W,0.0837477578726482
YMR055C,
YMR056C,0.0837477578726482
YMR057C,
YMR058W,0.0837477578726482
YMR060C,
YMR062C,5.264654382321335e-32
YMR063W,
YMR064W,
YMR065W,
YMR066W,
YMR067C,
YMR068W,
YMR069W,
YMR070W,
YMR071C,
YMR072W,
YMR073C,
YMR074C,
YMR075C-A,
YMR075W,
YMR077C,
YMR078C,
YMR080C,
YMR081C,
YMR082C,
YMR083W,0.0837477578726482
YMR084W,0.0837477578726482
YMR085W,
YMR086C-A,
YMR086W,
YMR087W,0.0837477578726482
YMR088C,0.0837477578726482
YMR089C,
YMR090W,
YMR091C,
YMR092C,
YMR095C,
YMR096W,
YMR097C,
YMR098C,
YMR099C,0.0837477578726473
YMR100W,
YMR101C,0.0837477578726482
YMR102C,
YMR103C,
YMR104C,
YMR105C,0.0837477578726482
YMR106C,
YMR107W,
YMR109W,
YMR110C,0.0837477060414921
YMR111C,
YMR114C,
YMR115W,
YMR116C,
YMR118C,
YMR119W-A,
YMR120C,0.0837477578726482
YMR121C,
YMR122C,
YMR123W,
YMR124W,
YMR125W,
YMR126C,
YMR127C,
YMR129W,
YMR130W,
YMR132C,
YMR133W,
YMR135C,
YMR135W-A,
YMR136W,
YMR137C,
YMR138W,
YMR139W,
YMR140W,
YMR141C,
YMR142C,
YMR143W,
YMR144W,
YMR145C,0.0837477578726482
YMR147W,
YMR148W,
YMR150C,
YMR151W,
YMR152W,
YMR153C-A,
YMR153W,
YMR154C,
YMR155W,
YMR156C,
YMR157C,
YMR158C-A,
YMR158W,
YMR158W-B,
YMR159C,
YMR160W,
YMR161W,
YMR162C,0.0837477578726482
YMR163C,
YMR164C,
YMR166C,
YMR167W,
YMR169C,0.0837477578726482
YMR170C,0.0837477578726482
YMR171C,
YMR172C-A,
YMR172W,
YMR173W,
YMR173W-A,
YMR174C,
YMR175W,
YMR176W,
YMR177W,
YMR178W,
YMR179W,
YMR180C,
YMR181C,
YMR182C,
YMR183C,
YMR184W,
YMR185W,
YMR186W,
YMR187C,
YMR188C,
YMR189W,0.0819034594809904
YMR190C,
YMR191W,
YMR192W,
YMR193C-A,
YMR193W,
YMR194C-A,
YMR194W,
YMR195W,
YMR196W,
YMR198W,
YMR199W,
YMR201C,
YMR202W,0.0837477060414905
YMR204C,
YMR205C,0.0807074898353129
YMR206W,
YMR207C,0.0837477578726482
YMR209C,
YMR210W,0.0837477578726473
YMR214W,
YMR215W,
YMR216C,
YMR219W,
YMR221C,
YMR222C,
YMR223W,
YMR224C,
YMR225C,
YMR226C,0.0837477578726486
YMR228W,
YMR230W,
YMR231W,
YMR232W,
YMR233W,
YMR234W,
YMR237W,
YMR238W,
YMR241W,0.0837477060414916
YMR242C,
YMR243C,0.0837477578726482
YMR244C-A,
YMR244W,
YMR245W,
YMR246W,0.0837477578726482
YMR247C,
YMR250W,0.0837477578726482
YMR251W,0.0837477578726482
YMR251W-A,
YMR252C,
YMR253C,
YMR254C,
YMR255W,
YMR256C,0.0837477578726482
YMR257C,
YMR258C,
YMR259C,
YMR261C,0.0837477578726482
YMR262W,
YMR263W,
YMR264W,
YMR265C,
YMR266W,
YMR267W,0.0829508419592524
YMR269W,
YMR271C,0.0837477578726482
YMR272C,0.0837477866004301
YMR273C,
YMR274C,
YMR275C,
YMR276W,
YMR277W,
YMR278W,0.0837477578726482
YMR280C,
YMR282C,
YMR283C,
YMR284W,
YMR285C,
YMR286W,
YMR287C,
YMR289W,1.957901605457602e-43
YMR291W,
YMR292W,
YMR293C,0.0837477578726482
YMR294W,
YMR294W-A,
YMR295C,
YMR297W,
YMR299C,
YMR300C,2.4073526705668138e-15
YMR302C,
YMR303C,0.083747757872648
YMR304C-A,
YMR304W,
YMR305C,
YMR306C-A,
YMR306W,0.0837477578726482
YMR307W,
YMR310C,
YMR311C,
YMR312W,
YMR313C,0.0837477060414918
YMR315W,
YMR316C-A,
YMR316C-B,
YMR316W,
YMR317W,
YMR318C,0.0837477578726482
YMR319C,0.0837477578726482
YMR320W,
YMR322C,0.0837477578726482
YMR326C,
YNL001W,
YNL003C,0.0837477578726474
YNL004W,
YNL005C,
YNL008C,
YNL009W,0.0837477060414917
YNL010W,
YNL011C,
YNL012W,
YNL013C,
YNL014W,
YNL015W,
YNL016W,
YNL020C,
YNL021W,
YNL022C,
YNL023C,
YNL024C,
YNL025C,
YNL027W,
YNL028W,
YNL029C,0.0837477578726482
YNL030W,
YNL031C,
YNL032W,
YNL034W,
YNL035C,
YNL037C,0.0837477060414917
YNL040W,
YNL041C,
YNL043C,
YNL044W,
YNL045W,0.0837477060414928
YNL046W,
YNL047C,
YNL049C,
YNL050C,
YNL051W,
YNL052W,0.0837477578726482
YNL053W,
YNL054W,0.083747734769239
YNL055C,
YNL056W,
YNL057W,
YNL058C,
YNL059C,
YNL063W,
YNL064C,
YNL065W,0.0837477347692396
YNL066W,
YNL067W,
YNL068C,
YNL069C,
YNL070W,
YNL071W,0.0825878182568692
YNL072W,
YNL073W,0.0837477866004293
YNL074C,
YNL076W,
YNL077W,
YNL078W,
YNL079C,
YNL080C,
YNL081C,
YNL082W,
YNL083W,
YNL084C,
YNL085W,
YNL086W,
YNL087W,
YNL089C,
YNL090W,
YNL091W,
YNL092W,0.0837477060414914
YNL093W,
YNL094W,
YNL095C,
YNL096C,
YNL097C,
YNL098C,
YNL099C,
YNL100W,
YNL101W,0.0837477578726482
YNL104C,0.0836211903872354
YNL105W,
YNL106C,0.0837477578726482
YNL107W,
YNL108C,
YNL109W,
YNL111C,
YNL115C,
YNL116W,
YNL117W,0.0837477060414913
YNL119W,
YNL120C,
YNL121C,
YNL122C,
YNL123W,
YNL125C,
YNL127W,
YNL128W,
YNL129W,0.0837477578726487
YNL130C,0.0837477578726482
YNL133C,
YNL134C,
YNL135C,
YNL136W,
YNL138W,
YNL139C,
YNL140C,
YNL141W,0.0837477060414896
YNL142W,0.0837477578726482
YNL143C,
YNL144C,
YNL145W,
YNL146W,
YNL147W,
YNL148C,
YNL153C,
YNL154C,
YNL155W,
YNL156C,
YNL157W,
YNL159C,
YNL160W,
YNL162W,
YNL164C,
YNL165W,
YNL166C,
YNL167C,
YNL168C,
YNL169C,0.0837477578726477
YNL170W,
YNL171C,
YNL173C,
YNL175C,
YNL176C,
YNL177C,
YNL179C,
YNL183C,
YNL184C,
YNL187W,
YNL190W,
YNL191W,0.0837477060414902
YNL192W,0.0837477578726482
YNL193W,
YNL194C,
YNL195C,
YNL196C,
YNL197C,
YNL198C,
YNL199C,
YNL200C,
YNL201C,
YNL202W,0.0837477578726478
YNL203C,
YNL204C,
YNL205C,
YNL206C,
YNL208W,
YNL211C,
YNL212W,
YNL213C,
YNL214W,
YNL215W,
YNL217W,
YNL218W,
YNL219C,0.0837477060414915
YNL220W,5.388231552856409e-16
YNL223W,
YNL224C,
YNL225C,
YNL226W,
YNL227C,
YNL228W,
YNL229C,0.0837477578726482
YNL230C,
YNL231C,
YNL233W,
YNL234W,
YNL235C,
YNL236W,
YNL237W,
YNL238W,
YNL239W,
YNL241C,0.0836432614152436
YNL242W,
YNL246W,
YNL248C,
YNL249C,
YNL250W,
YNL252C,
YNL253W,
YNL254C,
YNL255C,
YNL257C,
YNL259C,
YNL264C,
YNL265C,
YNL266W,
YNL268W,0.0837477578726482
YNL269W,
YNL270C,0.0837477578726482
YNL271C,
YNL273W,
YNL274C,0.0837477578726479
YNL275W,0.0
YNL276C,
YNL277W,2.637238925736617e-18
YNL278W,
YNL279W,
YNL280C,-9.304948409114731e-16
YNL281W,
YNL283C,
YNL284C,
YNL285W,
YNL286W,
YNL288W,
YNL289W,
YNL291C,
YNL292W,0.0837477578726482
YNL293W,
YNL294C,
YNL295W,
YNL296W,
YNL297C,
YNL298W,
YNL299W,
YNL300W,
YNL301C,
YNL302C,
YNL303W,
YNL304W,
YNL305C,
YNL307C,
YNL309W,
YNL311C,
YNL314W,
YNL315C,0.0837477578726482
YNL316C,-1.5474324739076606e-18
YNL318C,0.0837477578726482
YNL319W,
YNL320W,
YNL321W,
YNL322C,
YNL323W,
YNL324W,
YNL325C,0.083747734769239
YNL326C,
YNL327W,
YNL328C,
YNL329C,
YNL330C,
YNL332W,
YNL333W,0.0837477578726482
YNL334C,0.0837477578726482
YNL335W,0.0837477578726482
YNL336W,
YNL338W,
YNL339C,
YNR001C,0.0837477578726482
YNR002C,
YNR004W,
YNR005C,
YNR006W,
YNR007C,
YNR008W,0.0837477202241219
YNR009W,
YNR010W,
YNR012W,0.083747706041493
YNR013C,0.0837477060414912
YNR014W,
YNR015W,
YNR018W,
YNR019W,0.0837477578726482
YNR020C,
YNR021W,
YNR022C,
YNR024W,
YNR025C,
YNR027W,0.0837477578726482
YNR028W,
YNR029C,
YNR030W,0.083747706041492
YNR031C,
YNR032C-A,
YNR032W,
YNR033W,-2.3036109320603713e-13
YNR034W,
YNR036C,
YNR037C,
YNR039C,
YNR040W,
YNR041C,0.0837477060414923
YNR042W,
YNR045W,
YNR047W,
YNR048W,
YNR049C,
YNR050C,-1.1080856774634727e-31
YNR051C,
YNR052C,
YNR055C,
YNR056C,0.0837477578726481
YNR057C,0.083747706041493
YNR058W,0.0837477060414915
YNR059W,
YNR060W,0.0837477578726482
YNR061C,
YNR062C,
YNR063W,
YNR064C,
YNR065C,
YNR066C,
YNR067C,0.0837477578726482
YNR068C,
YNR069C,
YNR070W,
YNR071C,
YNR072W,0.0837477578726482
YNR073C,0.0837477578726482
YNR074C,
YNR075W,
YOL001W,
YOL002C,
YOL003C,
YOL004W,
YOL006C,
YOL007C,
YOL008W,
YOL009C,
YOL011W,0.0837477060414921
YOL012C,
YOL013C,
YOL013W-A,
YOL014W,
YOL015W,
YOL016C,
YOL017W,
YOL018C,
YOL019W,
YOL020W,0.0837477578726482
YOL023W,
YOL024W,
YOL025W,
YOL027C,
YOL028C,
YOL029C,
YOL030W,
YOL031C,
YOL032W,
YOL033W,0.0837477060414914
YOL035C,
YOL036W,
YOL037C,
YOL039W,
YOL041C,
YOL042W,
YOL043C,
YOL044W,
YOL045W,
YOL046C,
YOL047C,
YOL048C,
YOL049W,0.0837477060414916
YOL050C,
YOL051W,
YOL052C,0.0
YOL052C-A,
YOL053W,
YOL054W,
YOL055C,0.0837477578726482
YOL056W,
YOL057W,
YOL058W,-3.4502335359387203e-19
YOL059W,0.0837477578726482
YOL060C,
YOL061W,0.0837477578726482
YOL062C,
YOL063C,
YOL064C,0.0828272888967921
YOL065C,0.0837477060414919
YOL067C,
YOL068C,0.0837477578726482
YOL070C,
YOL071W,
YOL072W,
YOL075C,0.0837477578726482
YOL076W,
YOL079W,
YOL080C,
YOL081W,
YOL082W,
YOL083W,
YOL084W,
YOL085C,
YOL086C,0.0837477578726482
YOL087C,
YOL088C,
YOL089C,
YOL090W,
YOL091W,
YOL092W,0.0837477578726482
YOL093W,
YOL095C,
YOL096C,0.0837477060414923
YOL098C,
YOL099C,
YOL100W,
YOL101C,
YOL103W,0.0837477578726482
YOL104C,
YOL105C,
YOL106W,
YOL107W,
YOL108C,
YOL109W,
YOL110W,
YOL111C,
YOL112W,
YOL113W,
YOL114C,
YOL115W,
YOL116W,
YOL117W,
YOL118C,
YOL119C,
YOL121C,
YOL122C,0.0
YOL124C,
YOL126C,0.0833360785967044
YOL128C,
YOL129W,
YOL131W,
YOL132W,
YOL136C,0.0837477578726482
YOL137W,
YOL138C,
YOL141W,
YOL143C,0.0
YOL147C,
YOL148C,
YOL150C,
YOL151W,0.0837477578726478
YOL152W,0.0837477578726482
YOL155C,
YOL158C,
YOL159C,
YOL160W,
YOL162W,
YOL163W,
YOR001W,
YOR002W,0.0837477578726482
YOR003W,
YOR005C,
YOR006C,
YOR007C,
YOR008C,
YOR008C-A,
YOR009W,
YOR010C,
YOR011W,0.0837477578726482
YOR012W,
YOR013W,
YOR014W,
YOR015W,
YOR016C,
YOR017W,
YOR018W,
YOR019W,
YOR021C,
YOR022C,
YOR023C,
YOR024W,
YOR025W,0.0837477578726482
YOR026W,
YOR027W,
YOR028C,
YOR029W,
YOR030W,
YOR032C,
YOR033C,
YOR034C,
YOR035C,
YOR036W,
YOR037W,
YOR038C,
YOR039W,
YOR040W,0.0837477060414917
YOR041C,
YOR042W,
YOR043W,
YOR044W,
YOR045W,
YOR047C,
YOR049C,
YOR050C,
YOR051C,
YOR052C,
YOR053W,
YOR054C,0.0
YOR055W,
YOR058C,
YOR059C,
YOR061W,
YOR062C,
YOR064C,
YOR065W,0.0120944824853683
YOR066W,
YOR067C,0.0837477060414926
YOR068C,
YOR069W,
YOR070C,
YOR071C,0.0837477578726482
YOR072W,
YOR073W,
YOR076C,
YOR078W,
YOR079C,
YOR080W,
YOR081C,0.0837477578726482
YOR082C,
YOR083W,
YOR084W,
YOR085W,
YOR086C,
YOR087W,
YOR089C,
YOR090C,
YOR091W,
YOR092W,
YOR093C,
YOR094W,
YOR096W,
YOR097C,
YOR099W,0.0837477578726482
YOR100C,0.0837477578726474
YOR101W,
YOR104W,
YOR105W,
YOR106W,
YOR107W,
YOR108W,0.0837477578726482
YOR109W,0.0837477578726482
YOR111W,
YOR112W,
YOR113W,
YOR114W,
YOR115C,
YOR118W,
YOR120W,0.0837477060414917
YOR121C,
YOR123C,
YOR124C,
YOR125C,0.0837477060414923
YOR126C,0.0837477202241212
YOR127W,
YOR128C,4.591635993382431e-33
YOR129C,
YOR130C,-3.687287212712312e-18
YOR131C,
YOR132W,
YOR133W,
YOR134W,
YOR135C,
YOR136W,0.0837477060414917
YOR137C,
YOR138C,
YOR139C,
YOR140W,
YOR141C,
YOR142W,0.0837477060414916
YOR144C,
YOR147W,
YOR150W,
YOR152C,
YOR153W,
YOR154W,
YOR155C,0.0837477202241208
YOR156C,
YOR158W,
YOR161C,0.0837477578726471
YOR162C,
YOR163W,0.0837477060414919
YOR164C,
YOR165W,
YOR166C,
YOR167C,
YOR170W,
YOR171C,0.0837477578726482
YOR172W,
YOR173W,
YOR175C,0.0837090516885506
YOR177C,
YOR178C,
YOR179C,
YOR180C,0.0837477060414918
YOR182C,
YOR183W,
YOR184W,0.0816715207598935
YOR185C,
YOR186W,
YOR187W,
YOR188W,
YOR189W,
YOR190W,0.0837477578726482
YOR191W,
YOR192C,0.0837477578726482
YOR193W,
YOR195W,
YOR196C,0.0837477578726473
YOR197W,
YOR198C,
YOR199W,
YOR200W,
YOR201C,
YOR202W,3.168302478833754e-33
YOR205C,
YOR208W,
YOR209C,0.0837477578726484
YOR211C,
YOR212W,
YOR213C,
YOR214C,
YOR215C,
YOR216C,
YOR219C,
YOR220W,
YOR221C,0.0837477060414915
YOR222W,0.0837477578726482
YOR223W,
YOR225W,
YOR226C,0.0837477578726482
YOR227W,
YOR228C,
YOR229W,
YOR230W,
YOR231W,
YOR233W,
YOR234C,
YOR235W,
YOR237W,
YOR238W,
YOR239W,
YOR241W,0.0837477578726482
YOR242C,
YOR243C,
YOR245C,0.0837477578726473
YOR246C,
YOR247W,
YOR248W,
YOR251C,0.0837477578726482
YOR252W,
YOR253W,0.0837477578726482
YOR255W,
YOR258W,
YOR263C,
YOR264W,
YOR265W,
YOR266W,
YOR267C,
YOR268C,
YOR269W,
YOR270C,0.0837477578726482
YOR271C,
YOR273C,0.0837477578726482
YOR274W,
YOR275C,
YOR276W,
YOR277C,
YOR279C,
YOR280C,
YOR283W,0.0837477578726482
YOR284W,
YOR285W,0.0837477578726482
YOR286W,0.0837477578726482
YOR288C,
YOR289W,
YOR290C,
YOR291W,
YOR292C,
YOR293W,
YOR295W,
YOR296W,
YOR297C,
YOR298C-A,
YOR298W,
YOR299W,
YOR300W,
YOR301W,
YOR302W,
YOR303W,2.527754658786689e-31
YOR304C-A,
YOR304W,
YOR305W,
YOR306C,0.083747757872648
YOR307C,
YOR308C,
YOR309C,
YOR311C,0.0837477578726473
YOR312C,
YOR313C,
YOR314W,
YOR315W,
YOR316C,0.0837477578726482
YOR317W,0.0837477060414913
YOR318C,
YOR320C,
YOR321W,0.0837477578726482
YOR322C,
YOR323C,0.0837477060414923
YOR324C,
YOR325W,
YOR327C,
YOR328W,
YOR330C,
YOR331C,
YOR332W,0.0837477578726482
YOR333C,
YOR334W,0.0837477578726482
YOR337W,
YOR338W,
YOR339C,
YOR342C,
YOR343C,
YOR344C,
YOR345C,
YOR346W,
YOR347C,0.0837477578726482
YOR348C,0.0837477578726482
YOR349W,
YOR350C,
YOR351C,
YOR352W,
YOR354C,
YOR355W,
YOR356W,
YOR357C,
YOR358W,
YOR359W,
YOR360C,0.0837477060414911
YOR363C,
YOR364W,
YOR365C,
YOR366W,
YOR367W,
YOR368W,
YOR369C,
YOR371C,
YOR374W,0.0837477578726482
YOR375C,0.0837477578726482
YOR376W,
YOR377W,0.0837477578726482
YOR378W,
YOR379C,
YOR380W,
YOR381W,0.0837477578726482
YOR382W,
YOR383C,
YOR384W,0.0837477578726482
YOR385W,
YOR386W,
YPL001W,
YPL002C,
YPL003W,
YPL004C,
YPL005W,
YPL006W,
YPL008W,
YPL009C,
YPL013C,
YPL014W,
YPL015C,0.0837477578726482
YPL017C,
YPL018W,
YPL019C,
YPL021W,
YPL022W,
YPL023C,0.0837477578726482
YPL024W,
YPL025C,
YPL026C,
YPL027W,
YPL029W,
YPL030W,
YPL031C,
YPL032C,
YPL033C,
YPL034W,
YPL035C,
YPL036W,0.0837477578726482
YPL037C,
YPL038W,
YPL039W,
YPL040C,0.0837477060414919
YPL041C,
YPL042C,
YPL045W,
YPL046C,
YPL047W,
YPL048W,
YPL049C,
YPL050C,
YPL051W,
YPL052W,
YPL053C,0.0837477578726482
YPL054W,
YPL055C,
YPL056C,
YPL057C,0.0837477578726482
YPL058C,
YPL059W,0.0837477060414925
YPL060W,0.0837477578726482
YPL061W,0.0835287573800332
YPL062W,
YPL064C,
YPL065W,
YPL066W,
YPL067C,
YPL068C,
YPL069C,0.0837477578726482
YPL070W,
YPL071C,
YPL072W,
YPL073C,
YPL074W,
YPL077C,
YPL078C,0.0302493386563805
YPL079W,
YPL080C,
YPL081W,
YPL084W,
YPL086C,
YPL087W,0.0837477060414918
YPL088W,0.0837477578726482
YPL089C,
YPL090C,
YPL091W,0.0837477866004295
YPL092W,0.0837477060414892
YPL095C,0.0837477578726482
YPL096W,
YPL097W,0.0837477578726482
YPL098C,
YPL099C,
YPL100W,
YPL101W,
YPL102C,
YPL103C,
YPL104W,0.0837477060414913
YPL105C,
YPL106C,
YPL107W,
YPL108W,
YPL109C,
YPL110C,0.083747706041492
YPL111W,0.0837477578726484
YPL112C,
YPL113C,
YPL114W,
YPL115C,
YPL116W,
YPL118W,
YPL119C,
YPL120W,0.0837477578726482
YPL121C,
YPL123C,
YPL125W,
YPL127C,
YPL129W,
YPL130W,
YPL132W,0.0837477578726482
YPL133C,
YPL134C,0.0837477578726482
YPL136W,
YPL137C,
YPL138C,
YPL139C,
YPL140C,
YPL141C,
YPL144W,
YPL145C,
YPL147W,0.0837477060414904
YPL148C,0.0837477060414916
YPL149W,
YPL150W,
YPL152W,
YPL154C,
YPL155C,
YPL156C,
YPL157W,
YPL158C,
YPL159C,
YPL161C,
YPL162C,
YPL163C,
YPL164C,
YPL165C,
YPL166W,
YPL167C,
YPL168W,
YPL170W,
YPL171C,
YPL172C,0.0
YPL173W,
YPL174C,
YPL176C,
YPL177C,
YPL178W,
YPL179W,
YPL180W,
YPL182C,
YPL183C,
YPL183W-A,
YPL184C,
YPL185W,
YPL186C,
YPL187W,
YPL188W,0.0837477578726482
YPL189W,0.0837477578726482
YPL191C,
YPL192C,
YPL193W,
YPL194W,
YPL195W,
YPL196W,
YPL197C,
YPL198W,
YPL199C,
YPL200W,
YPL201C,
YPL202C,
YPL203W,
YPL205C,
YPL206C,0.0837477060414923
YPL207W,
YPL208W,
YPL212C,0.0837477578726482
YPL213W,
YPL214C,9.08161398668357e-28
YPL215W,
YPL216W,
YPL219W,
YPL220W,
YPL221W,
YPL222W,
YPL223C,
YPL224C,
YPL225W,
YPL226W,
YPL227C,0.083747706041492
YPL229W,
YPL230W,
YPL232W,
YPL234C,0.0837477578726482
YPL236C,
YPL239W,
YPL240C,
YPL241C,
YPL244C,0.0837477060414912
YPL245W,
YPL246C,
YPL247C,
YPL248C,
YPL249C,
YPL250C,
YPL253C,
YPL254W,
YPL256C,
YPL257W,
YPL258C,0.0837477578726482
YPL259C,
YPL260W,
YPL261C,
YPL262W,0.0813513710300314
YPL263C,
YPL264C,
YPL265W,0.0837477578726482
YPL267W,
YPL268W,0.0837477060414889
YPL269W,
YPL270W,
YPL271W,0.0302493386563805
YPL272C,
YPL273W,0.0837477578726482
YPL274W,0.0837477720552952
YPR001W,0.083747757872648
YPR002W,0.0837477578726475
YPR003C,0.0837477060414921
YPR004C,
YPR005C,
YPR006C,0.0837477060414928
YPR007C,
YPR008W,
YPR009W,
YPR011C,0.0837477060414915
YPR012W,
YPR013C,
YPR014C,
YPR015C,
YPR020W,0.0837477578726482
YPR021C,0.0832097730219613
YPR022C,
YPR023C,
YPR024W,
YPR026W,0.0837477578726482
YPR027C,
YPR028W,
YPR029C,
YPR030W,
YPR031W,
YPR032W,
YPR036W,0.0837477578726482
YPR037C,
YPR038W,
YPR039W,
YPR040W,
YPR042C,
YPR043W,
YPR044C,
YPR045C,
YPR046W,
YPR047W,0.0837477578726482
YPR049C,
YPR050C,
YPR051W,
YPR052C,
YPR053C,
YPR054W,
YPR057W,
YPR058W,0.0819051819578389
YPR059C,
YPR060C,1.7475265137355724e-18
YPR061C,
YPR062W,0.0837477578726482
YPR063C,
YPR064W,
YPR065W,
YPR066W,
YPR067W,
YPR068C,
YPR069C,0.0837477578726476
YPR070W,
YPR071W,
YPR072W,
YPR073C,
YPR074C,0.0837477578726482
YPR075C,
YPR076W,
YPR077C,
YPR078C,
YPR079W,
YPR083W,
YPR084W,
YPR087W,
YPR089W,
YPR091C,
YPR092W,
YPR093C,
YPR095C,
YPR096C,
YPR097W,
YPR098C,
YPR099C,
YPR100W,
YPR101W,
YPR106W,
YPR109W,
YPR111W,
YPR114W,
YPR115W,
YPR116W,
YPR117W,
YPR118W,0.0
YPR119W,
YPR120C,
YPR121W,0.0837477578726482
YPR122W,
YPR123C,
YPR124W,
YPR125W,
YPR126C,
YPR127W,0.083747720224121
YPR128C,0.0837477578726505
YPR129W,
YPR130C,
YPR131C,
YPR132W,
YPR133W-A,
YPR134W,
YPR135W,
YPR138C,0.0837477578726482
YPR139C,0.0837477578726482
YPR140W,0.0837477866004299
YPR141C,
YPR145W,0.0837477578726482
YPR146C,
YPR147C,
YPR148C,
YPR149W,
YPR150W,
YPR151C,
YPR152C,
YPR153W,
YPR154W,
YPR155C,
YPR156C,0.0837477578726482
YPR157W,
YPR158W,
YPR159W,0.0837477578726482
YPR160W,0.0837477060414921
YPR163C,
YPR164W,
YPR166C,
YPR167C,1.6043670229058185e-33
YPR170C,
YPR171W,
YPR172W,
YPR173C,
YPR174C,
YPR179C,
YPR184W,0.0837477578726482
YPR185W,
YPR188C,
YPR189W,
YPR191W,0.0120944824853683
YPR192W,0.0837477578726482
YPR193C,
YPR194C,
YPR195C,
YPR196W,
YPR197C,
YPR198W,
YPR199C,
YPR200C,
